<?xml version="1.0" encoding="ISO-8859-1" ?>
<!DOCTYPE tiles-definitions PUBLIC
       "-//Apache Software Foundation//DTD Tiles Configuration 2.1//EN"
       "http://tiles.apache.org/dtds/tiles-config_2_1.dtd">
<tiles-definitions>
	<definition name="homePage" template="/template.jsp">
		<put-attribute name="title" value="Library Tiles" />
		<put-attribute name="header" value="/default_header.jsp" />
		<put-attribute name="menu" value="/default_menu.jsp" />
		<put-attribute name="body" value="/home_body.jsp" />
		<put-attribute name="footer" value="/defaultFooter.jsp" />
	</definition>
	
	<definition name="home" template="/layout/default.jsp">
		<put-attribute name="title" value="Library Tiles" />
		<put-attribute name="contextPath" value="${pageContext.request.contextPath}" />
		<put-attribute name="header" value="/tiles/header.jsp" />
		<put-attribute name="menu" value="/tiles/menu.jsp" />
		<put-attribute name="body" value="/tiles/body.jsp" />
	</definition>
	
	<definition name="addCategoria" template="/layout/default.jsp">
		<put-attribute name="title" value="Library Tiles" />
		<put-attribute name="contextPath" value="${pageContext.request.contextPath}" />
		<put-attribute name="header" value="/tiles/header.jsp" />
		<put-attribute name="menu" value="/tiles/menu.jsp" />
		<put-attribute name="body" value="addCategoriaBody" />
	</definition>
	
	<definition name="addCategoriaBody" template="/layout/addTemplate.jsp">
		<put-attribute name="title" value="Add Category" />
		<put-attribute name="bodyForm" value="/tiles/categoria/categoriaAddForm.jsp" />
	</definition>
	
	<definition name="addTopics" template="/layout/default.jsp">
		<put-attribute name="title" value="Library Tiles" />
		<put-attribute name="contextPath" value="${pageContext.request.contextPath}" />
		<put-attribute name="header" value="/tiles/header.jsp" />
		<put-attribute name="menu" value="/tiles/menu.jsp" />
		<put-attribute name="body" value="/tiles/topic/topicAdd.jsp" />
	</definition>
	
</tiles-definitions>